numero,soh,impedancia
1,0.335735,0.0863535
2,0.340149,0.170307
6,0.345978,0.1528916
7,0.339422,0.1690303
9,0.342146,0.0899847
10,0.340374,0.136096
12,0.335763,0.1105963
13,0.343665,0.3294793
15,0.346292,0.0862554
17,0.333173,0.1158241
20,0.344466,0.201654
21,0.345323,0.0715328
24,0.334309,0.1195215
26,0.344176,0.2552712
29,0.337994,0.1004127
33,0.334904,0.1384966
35,0.340035,0.1623621
36,0.339868,0.1136042
